{
	"jobId": "JOB06174",
	"retCode": 0,
	"isComplete": true,
	"verboseReport": [" OBJECT COMPARISON REPORT", " ========================", "", " Only changed, added and deleted objects will be reported", "", " Masked values will be applied to ignored fields of new objects.", "", "           Source:", "                   Extracted from location *FROM DDL FILE*  at 2021-01-22 15:08 by SYSADM", "           Target:", "                   Extracted from DBC1 at 2021-01-22 15:08 by SYSADM", "", "           Target system is DB2 Release 1215", "", " Compare table source(GENCDB0.CUSTOMER) and target(GENCKWO.CUSTOMER)", "   (A)Column PHONECC appended", "   Table will be altered", ""],
	"summaryReport": [" COMPARISON SUMMARY REPORT", " =========================", "", " Obtyp Source Object                    Target Object                    Result               Object type", " ----- -------------------------------  -------------------------------  -------------------- ---------------", " D     GENCDB0                          DBCLJYDP                         No change            Database", "  S     GENCDB0.GENCTS01                 DBCLJYDP.GENCTS01               No change            Tablespace", "   T     GENCDB0.CUSTOMER                 GENCKWO.CUSTOMER               Altered              Table", "    X     GENCDB0.ICUSTOMER                GENCKWO.ICUSTOMER             No change            Index", "  S     GENCDB0.GENCTS02                 DBCLJYDP.GENCTS02               No change            Tablespace", "   T     GENCDB0.POLICY                   GENCKWO.POLICY                 No change            Table", "    X     GENCDB0.IPOLICY                  GENCKWO.IPOLICY               No change            Index", "    X     GENCDB0.IPOLICY2                 GENCKWO.IPOLICY2              No change            Index", "    R     CUSTOMER                         CUSTOMER                      No change            Relation", "  S     GENCDB0.GENCTS03                 DBCLJYDP.GENCTS03               No change            Tablespace", "   T     GENCDB0.ENDOWMENT                GENCKWO.ENDOWMENT              No change            Table", "    X     GENCDB0.IENDOWMENT               GENCKWO.IENDOWMENT            No change            Index", "    R     POLICYNU                         POLICYNU                      No change            Relation", "  S     GENCDB0.GENCTS04                 DBCLJYDP.GENCTS04               No change            Tablespace", "   T     GENCDB0.HOUSE                    GENCKWO.HOUSE                  No change            Table", "    X     GENCDB0.IHOUSE                   GENCKWO.IHOUSE                No change            Index", "    R     POLICYNU                         POLICYNU                      No change            Relation", "  S     GENCDB0.GENCTS05                 DBCLJYDP.GENCTS05               No change            Tablespace", "   T     GENCDB0.MOTOR                    GENCKWO.MOTOR                  No change            Table", "    X     GENCDB0.IMOTOR                   GENCKWO.IMOTOR                No change            Index", "    R     POLICYNU                         POLICYNU                      No change            Relation", "  S     GENCDB0.GENCTS06                 DBCLJYDP.GENCTS06               No change            Tablespace", "   T     GENCDB0.COMMERCIAL               GENCKWO.COMMERCIAL             No change            Table", "    X     GENCDB0.ICOMMERCIAL              GENCKWO.ICOMMERCIAL           No change            Index", "    R     POLICYNU                         POLICYNU                      No change            Relation", "  S     GENCDB0.GENCTS07                 DBCLJYDP.GENCTS07               No change            Tablespace", "   T     GENCDB0.CLAIM                    GENCKWO.CLAIM                  No change            Table", "    X     GENCDB0.ICLAIM                   GENCKWO.ICLAIM                No change            Index", "    R     POLICYNU                         POLICYNU                      No change            Relation", "  S     GENCDB0.GENCTS08                 DBCLJYDP.GENCTS08               No change            Tablespace", "   T     GENCDB0.PET                      GENCKWO.PET                    No change            Table", "    X     GENCDB0.IPET                     GENCKWO.IPET                  No change            Index", "    R     POLICYNU                         POLICYNU                      No change            Relation", "  S     GENCDB0.GENCTS09                 DBCLJYDP.GENCTS09               No change            Tablespace", "   T     GENCDB0.CUSTOMER_SECURE          GENCKWO.CUSTOMER_SECURE        No change            Table", "    X     GENCDB0.ICUSTOMER_SECURE         GENCKWO.ICUSTOMER_SECURE      No change            Index", "    R     CUSTOMER                         CUSTOMER                      No change            Relation", " ----- -------------------------------  -------------------------------  -------------------- ---------------"],
	"summaryReportJson": {
		"Title": "COMPARISON SUMMARY REPORT",
		"Headings": ["Obtyp", "Source Object", "Target Object", "Result", "Object type"],
		"Results": [{
				"index": 0,
				"familyIndex": 1,
				"Children": [{
						"index": 1,
						"familyIndex": 2,
						"Children": [{
								"index": 2,
								"familyIndex": 3,
								"Children": [{
										"index": 3,
										"familyIndex": 4,
										"Children": [],
										"Obtyp": "X",
										"Source Object": "GENCDB0.ICUSTOMER",
										"Target Object": "GENCKWO.ICUSTOMER",
										"Result": "Dropped/created",
										"Object type": "Index",
										"parentIndex": 2
									}
								],
								"Obtyp": "T",
								"Source Object": "GENCDB0.CUSTOMER",
								"Target Object": "GENCKWO.CUSTOMER",
								"Result": "Altered",
								"Object type": "Table",
								"parentIndex": 1
							}
						],
						"Obtyp": "S",
						"Source Object": "GENCDB0.GENCTS01",
						"Target Object": "DBCLJYDP.GENCTS01",
						"Result": "No change",
						"Object type": "Tablespace",
						"parentIndex": 0
					}, {
						"index": 4,
						"familyIndex": 2,
						"Children": [{
								"index": 5,
								"familyIndex": 3,
								"Children": [{
										"index": 6,
										"familyIndex": 4,
										"Children": [],
										"Obtyp": "X",
										"Source Object": "GENCDB0.IPOLICY",
										"Target Object": "GENCKWO.IPOLICY",
										"Result": "No change",
										"Object type": "Index",
										"parentIndex": 5
									}, {
										"index": 7,
										"familyIndex": 4,
										"Children": [],
										"Obtyp": "X",
										"Source Object": "GENCDB0.IPOLICY2",
										"Target Object": "GENCKWO.IPOLICY2",
										"Result": "No change",
										"Object type": "Index",
										"parentIndex": 5
									}, {
										"index": 8,
										"familyIndex": 4,
										"Children": [],
										"Obtyp": "R",
										"Source Object": "CUSTOMER",
										"Target Object": "CUSTOMER",
										"Result": "No change",
										"Object type": "Relation",
										"parentIndex": 5
									}
								],
								"Obtyp": "T",
								"Source Object": "GENCDB0.POLICY",
								"Target Object": "GENCKWO.POLICY",
								"Result": "No change",
								"Object type": "Table",
								"parentIndex": 4
							}
						],
						"Obtyp": "S",
						"Source Object": "GENCDB0.GENCTS02",
						"Target Object": "DBCLJYDP.GENCTS02",
						"Result": "No change",
						"Object type": "Tablespace",
						"parentIndex": 0
					}, {
						"index": 9,
						"familyIndex": 2,
						"Children": [{
								"index": 10,
								"familyIndex": 3,
								"Children": [{
										"index": 11,
										"familyIndex": 4,
										"Children": [],
										"Obtyp": "X",
										"Source Object": "GENCDB0.IENDOWMENT",
										"Target Object": "GENCKWO.IENDOWMENT",
										"Result": "No change",
										"Object type": "Index",
										"parentIndex": 10
									}, {
										"index": 12,
										"familyIndex": 4,
										"Children": [],
										"Obtyp": "R",
										"Source Object": "POLICYNU",
										"Target Object": "POLICYNU",
										"Result": "No change",
										"Object type": "Relation",
										"parentIndex": 10
									}
								],
								"Obtyp": "T",
								"Source Object": "GENCDB0.ENDOWMENT",
								"Target Object": "GENCKWO.ENDOWMENT",
								"Result": "No change",
								"Object type": "Table",
								"parentIndex": 9
							}
						],
						"Obtyp": "S",
						"Source Object": "GENCDB0.GENCTS03",
						"Target Object": "DBCLJYDP.GENCTS03",
						"Result": "No change",
						"Object type": "Tablespace",
						"parentIndex": 0
					}, {
						"index": 13,
						"familyIndex": 2,
						"Children": [{
								"index": 14,
								"familyIndex": 3,
								"Children": [{
										"index": 15,
										"familyIndex": 4,
										"Children": [],
										"Obtyp": "X",
										"Source Object": "GENCDB0.IHOUSE",
										"Target Object": "GENCKWO.IHOUSE",
										"Result": "No change",
										"Object type": "Index",
										"parentIndex": 14
									}, {
										"index": 16,
										"familyIndex": 4,
										"Children": [],
										"Obtyp": "R",
										"Source Object": "POLICYNU",
										"Target Object": "POLICYNU",
										"Result": "No change",
										"Object type": "Relation",
										"parentIndex": 14
									}
								],
								"Obtyp": "T",
								"Source Object": "GENCDB0.HOUSE",
								"Target Object": "GENCKWO.HOUSE",
								"Result": "No change",
								"Object type": "Table",
								"parentIndex": 13
							}
						],
						"Obtyp": "S",
						"Source Object": "GENCDB0.GENCTS04",
						"Target Object": "DBCLJYDP.GENCTS04",
						"Result": "No change",
						"Object type": "Tablespace",
						"parentIndex": 0
					}, {
						"index": 17,
						"familyIndex": 2,
						"Children": [{
								"index": 18,
								"familyIndex": 3,
								"Children": [{
										"index": 19,
										"familyIndex": 4,
										"Children": [],
										"Obtyp": "X",
										"Source Object": "GENCDB0.IMOTOR",
										"Target Object": "GENCKWO.IMOTOR",
										"Result": "No change",
										"Object type": "Index",
										"parentIndex": 18
									}, {
										"index": 20,
										"familyIndex": 4,
										"Children": [],
										"Obtyp": "R",
										"Source Object": "POLICYNU",
										"Target Object": "POLICYNU",
										"Result": "No change",
										"Object type": "Relation",
										"parentIndex": 18
									}
								],
								"Obtyp": "T",
								"Source Object": "GENCDB0.MOTOR",
								"Target Object": "GENCKWO.MOTOR",
								"Result": "No change",
								"Object type": "Table",
								"parentIndex": 17
							}
						],
						"Obtyp": "S",
						"Source Object": "GENCDB0.GENCTS05",
						"Target Object": "DBCLJYDP.GENCTS05",
						"Result": "No change",
						"Object type": "Tablespace",
						"parentIndex": 0
					}, {
						"index": 21,
						"familyIndex": 2,
						"Children": [{
								"index": 22,
								"familyIndex": 3,
								"Children": [{
										"index": 23,
										"familyIndex": 4,
										"Children": [],
										"Obtyp": "X",
										"Source Object": "GENCDB0.ICOMMERCIAL",
										"Target Object": "GENCKWO.ICOMMERCIAL",
										"Result": "No change",
										"Object type": "Index",
										"parentIndex": 22
									}, {
										"index": 24,
										"familyIndex": 4,
										"Children": [],
										"Obtyp": "R",
										"Source Object": "POLICYNU",
										"Target Object": "POLICYNU",
										"Result": "No change",
										"Object type": "Relation",
										"parentIndex": 22
									}
								],
								"Obtyp": "T",
								"Source Object": "GENCDB0.COMMERCIAL",
								"Target Object": "GENCKWO.COMMERCIAL",
								"Result": "No change",
								"Object type": "Table",
								"parentIndex": 21
							}
						],
						"Obtyp": "S",
						"Source Object": "GENCDB0.GENCTS06",
						"Target Object": "DBCLJYDP.GENCTS06",
						"Result": "No change",
						"Object type": "Tablespace",
						"parentIndex": 0
					}, {
						"index": 25,
						"familyIndex": 2,
						"Children": [{
								"index": 26,
								"familyIndex": 3,
								"Children": [{
										"index": 27,
										"familyIndex": 4,
										"Children": [],
										"Obtyp": "X",
										"Source Object": "GENCDB0.ICLAIM",
										"Target Object": "GENCKWO.ICLAIM",
										"Result": "No change",
										"Object type": "Index",
										"parentIndex": 26
									}, {
										"index": 28,
										"familyIndex": 4,
										"Children": [],
										"Obtyp": "R",
										"Source Object": "POLICYNU",
										"Target Object": "POLICYNU",
										"Result": "No change",
										"Object type": "Relation",
										"parentIndex": 26
									}
								],
								"Obtyp": "T",
								"Source Object": "GENCDB0.CLAIM",
								"Target Object": "GENCKWO.CLAIM",
								"Result": "No change",
								"Object type": "Table",
								"parentIndex": 25
							}
						],
						"Obtyp": "S",
						"Source Object": "GENCDB0.GENCTS07",
						"Target Object": "DBCLJYDP.GENCTS07",
						"Result": "No change",
						"Object type": "Tablespace",
						"parentIndex": 0
					}, {
						"index": 29,
						"familyIndex": 2,
						"Children": [{
								"index": 30,
								"familyIndex": 3,
								"Children": [{
										"index": 31,
										"familyIndex": 4,
										"Children": [],
										"Obtyp": "X",
										"Source Object": "GENCDB0.IPET",
										"Target Object": "GENCKWO.IPET",
										"Result": "No change",
										"Object type": "Index",
										"parentIndex": 30
									}, {
										"index": 32,
										"familyIndex": 4,
										"Children": [],
										"Obtyp": "R",
										"Source Object": "POLICYNU",
										"Target Object": "POLICYNU",
										"Result": "No change",
										"Object type": "Relation",
										"parentIndex": 30
									}
								],
								"Obtyp": "T",
								"Source Object": "GENCDB0.PET",
								"Target Object": "GENCKWO.PET",
								"Result": "No change",
								"Object type": "Table",
								"parentIndex": 29
							}
						],
						"Obtyp": "S",
						"Source Object": "GENCDB0.GENCTS08",
						"Target Object": "DBCLJYDP.GENCTS08",
						"Result": "No change",
						"Object type": "Tablespace",
						"parentIndex": 0
					}, {
						"index": 33,
						"familyIndex": 2,
						"Children": [{
								"index": 34,
								"familyIndex": 3,
								"Children": [{
										"index": 35,
										"familyIndex": 4,
										"Children": [],
										"Obtyp": "X",
										"Source Object": "GENCDB0.ICUSTOMER_SECURE",
										"Target Object": "GENCKWO.ICUSTOMER_SECURE",
										"Result": "No change",
										"Object type": "Index",
										"parentIndex": 34
									}, {
										"index": 36,
										"familyIndex": 4,
										"Children": [],
										"Obtyp": "R",
										"Source Object": "CUSTOMER",
										"Target Object": "CUSTOMER",
										"Result": "No change",
										"Object type": "Relation",
										"parentIndex": 34
									}
								],
								"Obtyp": "T",
								"Source Object": "GENCDB0.CUSTOMER_SECURE",
								"Target Object": "GENCKWO.CUSTOMER_SECURE",
								"Result": "No change",
								"Object type": "Table",
								"parentIndex": 33
							}
						],
						"Obtyp": "S",
						"Source Object": "GENCDB0.GENCTS09",
						"Target Object": "DBCLJYDP.GENCTS09",
						"Result": "No change",
						"Object type": "Tablespace",
						"parentIndex": 0
					}
				],
				"Obtyp": "D",
				"Source Object": "GENCDB0",
				"Target Object": "DBCLJYDP",
				"Result": "No change",
				"Object type": "Database",
				"parentIndex": -1
			}
		]
	},
	"countsReport": [" COMPARISON COUNTS REPORT", " =========================", "", " Object type      On source  On target  Compared   Added      Kept       Altered    Not added  Recreated", " ---------------- ---------- ---------- ---------- ---------- ---------- ---------- ---------- ----------", " Databases                 1          1          1          0          0          0          0          0", " Tablespaces               9          9          9          0          0          0          0          0", " Tables                    9          9          9          0          0          1          0          0", " Indexes                  10         10         10          0          0          0          0          0", " ---------------- ---------- ---------- ---------- ---------- ---------- ---------- ---------- ----------", "", " Object type      On source  On target  Compared   Added      Dropped    Altered    Not added  Recreated", " ---------------- ---------- ---------- ---------- ---------- ---------- ---------- ---------- ----------", " Relations                 8          8          8          0          0          0          0          0", " ---------------- ---------- ---------- ---------- ---------- ---------- ---------- ---------- ----------", "", " GOC2CMP - Ended normally"]
}